season,week,game_id,posteam,defteam,game_seconds_remaining,posteam_timeouts_remaining,defteam_timeouts_remaining,pos_spread,went_for_2,converted,posteam_won,pred_go2,pred_kick,gain_go2,pred_breakeven,desc
2016,2,2016_02_ATL_OAK,LV,ATL,132.0,3.0,3.0,4.0,0,1,0,0.07913452061045659,0.07552543362283846,0.0036090869876181236,0.40348788824456394,"11-S.Janikowski extra point is GOOD, Center-59-J.Condo, Holder-7-M.King."
2016,2,2016_02_MIA_NE,MIA,NE,366.0,3.0,2.0,-5.5,0,1,0,0.06406845969898894,0.06185364703552659,0.002214812663462351,0.41221133633418827,"3-A.Franks extra point is GOOD, Center-92-J.Denney, Holder-4-M.Darr."
2016,2,2016_02_SF_CAR,SF,CAR,471.0,2.0,1.0,-12.0,0,1,0,0.04245979230344525,0.04109132438951987,0.001368467913925378,0.413626085671071,"4-P.Dawson extra point is GOOD, Center-86-K.Nelson, Holder-5-B.Pinion."
2016,3,2016_03_DET_GB,DET,GB,214.0,3.0,3.0,-6.0,0,1,0,0.0490576745581323,0.04687168135560991,0.002185993202522392,0.4030854466544436,"5-M.Prater extra point is GOOD, Center-48-D.Muhlbach, Holder-6-S.Martin."
2016,5,2016_05_NYG_GB,NYG,GB,174.0,2.0,3.0,-7.0,0,1,0,0.041725489173852465,0.03971440772257934,0.002011081451273128,0.3998909007242893,"3-J.Brown extra point is GOOD, Center-51-Z.DeOssie, Holder-9-B.Wing."
2016,6,2016_06_IND_HOU,HOU,IND,157.0,2.0,2.0,3.0,0,1,1,0.07654307579651695,0.07314760866861962,0.003395467127897331,0.40436963714578733,"8-N.Novak extra point is GOOD, Center-46-J.Weeks, Holder-9-S.Lechler."
2016,9,2016_09_PIT_BAL,PIT,BAL,48.0,0.0,3.0,3.5,0,1,0,0.06888186697232863,0.06521212096191693,0.003669746010411701,0.3971744689748291,"9-C.Boswell extra point is GOOD, Center-60-G.Warren, Holder-4-J.Berry."
2016,11,2016_11_BAL_DAL,BAL,DAL,496.0,3.0,3.0,-7.0,0,1,0,0.06488412288400443,0.06299285098697743,0.0018912718970269943,0.41735664716005083,"9-J.Tucker extra point is GOOD, Center-46-M.Cox, Holder-4-S.Koch."
2016,11,2016_11_PIT_CLE,CLE,PIT,585.0,2.0,2.0,-8.0,0,0,0,0.057092128638907634,0.055564051890116546,0.001528076748791088,0.41949786671024414,"3-C.Parkey extra point is No Good, Wide Right, Center-47-C.Hughlett, Holder-4-B.Colquitt."
2016,12,2016_12_NYG_CLE,CLE,NYG,497.0,3.0,3.0,-6.5,0,1,0,0.059508410743285806,0.05774667854064032,0.0017617322026454857,0.4167273475127693,"3-C.Parkey extra point is GOOD, Center-47-C.Hughlett, Holder-4-B.Colquitt."
2016,13,2016_13_HOU_GB,HOU,GB,111.0,1.0,2.0,-7.0,0,0,0,0.03745303449787112,0.03545194893351141,0.0020010855643597114,0.3957042578766693,"8-N.Novak extra point is No Good, Wide Right, Center-46-J.Weeks, Holder-9-S.Lechler."
2016,14,2016_14_PIT_BUF,BUF,PIT,85.0,1.0,1.0,-1.0,0,1,0,0.0499100136165831,0.04724123675272747,0.0026687768638556306,0.39619679681346226,"2-D.Carpenter extra point is GOOD, Center-65-G.Sanborn, Holder-6-C.Schmidt."
2016,15,2016_15_NO_ARI,ARI,NO,139.0,1.0,1.0,3.0,0,1,0,0.07373415497511325,0.07034741102848949,0.003386743946623763,0.402999126392431,"7-C.Catanzaro extra point is GOOD, Center-46-A.Brewer, Holder-6-M.Wile."
2016,16,2016_16_SF_LA,SF,LA,306.0,3.0,3.0,-6.0,0,1,1,0.05593811333897074,0.05378853612477905,0.002149577214191685,0.4084893332315707,"4-P.Dawson extra point is GOOD, Center-86-K.Nelson, Holder-5-B.Pinion."
2016,17,2016_17_GB_DET,DET,GB,13.0,0.0,0.0,-3.5,0,1,0,0.03604082739421531,0.03380782564032947,0.002233001753885841,0.38946353957221613,"5-M.Prater extra point is GOOD, Center-48-D.Muhlbach, Holder-6-S.Martin."
2016,17,2016_17_HOU_TEN,HOU,TEN,191.0,3.0,2.0,-3.0,0,1,0,0.06049889952435118,0.057809981215415834,0.002688918308935348,0.40363531034771255,"8-N.Novak extra point is GOOD, Center-46-J.Weeks, Holder-9-S.Lechler."
2017,2,2017_02_PHI_KC,PHI,KC,8.0,1.0,2.0,-4.0,0,1,0,0.04227371980423896,0.03981102162049856,0.002462698183740404,0.39236476446658386,"4-J.Elliott extra point is GOOD, Center-45-R.Lovato, Holder-8-D.Jones."
2017,4,2017_04_CAR_NE,NE,CAR,526.0,3.0,3.0,9.0,0,1,0,0.20365529146606304,0.20038570079089182,0.0032695906751712134,0.4364589781970877,"3-S.Gostkowski extra point is GOOD, Center-49-J.Cardona, Holder-6-R.Allen."
2017,5,2017_05_SF_IND,SF,IND,480.0,3.0,2.0,1.0,0,1,0,0.1319580215407506,0.12898625947364492,0.002971762067105671,0.42649704952357853,"9-R.Gould extra point is GOOD, Center-86-K.Nelson, Holder-5-B.Pinion."
2017,6,2017_06_DET_NO,DET,NO,401.0,3.0,3.0,-6.0,0,1,0,0.07009059168309811,0.06793643191461822,0.0021541597684798935,0.4159989465426708,"5-M.Prater extra point is GOOD, Center-48-D.Muhlbach, Holder-18-J.Locke. PENALTY on NO-23-M.Lattimore, Defensive Offside, 5 yards, enforced between downs."
2017,12,2017_12_CLE_CIN,CLE,CIN,417.0,2.0,2.0,-7.5,0,1,0,0.06331410623872881,0.06136740671036766,0.0019466995283611496,0.4157501782108073,"5-Z.Gonzalez extra point is GOOD, Center-47-C.Hughlett, Holder-4-B.Colquitt."
2017,12,2017_12_DEN_OAK,DEN,LV,159.0,2.0,2.0,-3.5,0,1,0,0.05965499595484022,0.05701271733626215,0.0026422786185780756,0.40372490263609334,"8-B.McManus extra point is GOOD, Center-42-C.Kreiter, Holder-9-R.Dixon."
2017,15,2017_15_GB_CAR,GB,CAR,163.0,0.0,1.0,-3.0,0,1,0,0.058656700191373215,0.05606553261657663,0.0025911675747965837,0.4037798289907332,"2-M.Crosby extra point is GOOD, Center-61-B.Goode, Holder-8-J.Vogel."
2017,17,2017_17_KC_DEN,DEN,KC,412.0,2.0,3.0,3.0,0,1,0,0.11273434573497892,0.10976870542015355,0.0029656403148253796,0.42187523396217547,"8-B.McManus extra point is GOOD, Center-42-C.Kreiter, Holder-9-R.Dixon."
2017,19,2017_19_JAX_PIT,PIT,JAX,545.0,3.0,3.0,7.0,0,1,0,0.18235218422532534,0.1792275410629535,0.0031246431623718485,0.43436893669687093,"9-C.Boswell extra point is GOOD, Center-57-K.Canaday, Holder-4-J.Berry."
2017,19,2017_19_JAX_PIT,PIT,JAX,138.0,2.0,3.0,7.0,0,1,0,0.09696775686874017,0.09303992641007892,0.003927830458661241,0.4083805527548942,"9-C.Boswell extra point is GOOD, Center-57-K.Canaday, Holder-4-J.Berry."
2018,1,2018_01_HOU_NE,HOU,NE,128.0,3.0,1.0,-6.0,0,1,0,0.04634724655871715,0.04397760937698558,0.002369637181731568,0.3978131928947338,"7-K.Fairbairn extra point is GOOD, Center-46-J.Weeks, Holder-8-T.Daniel."
2018,2,2018_02_CAR_ATL,CAR,ATL,140.0,3.0,3.0,-5.5,0,1,0,0.047264952635944824,0.044897011822235,0.0023679408137098207,0.398638784691591,"9-G.Gano extra point is GOOD, Center-44-J.Jansen, Holder-5-M.Palardy."
2018,2,2018_02_SEA_CHI,SEA,CHI,14.0,0.0,3.0,-5.0,0,1,0,0.03568550006864485,0.03345423796899841,0.0022312620996464416,0.3890502440456698,"11-S.Janikowski extra point is GOOD, Center-69-T.Ott, Holder-4-M.Dickson."
2018,7,2018_07_NE_CHI,CHI,NE,253.0,3.0,3.0,-1.0,0,1,0,0.06654203549763293,0.06387091590228455,0.0026711195953483813,0.4074309448545233,"1-C.Parkey extra point is GOOD, Center-48-P.Scales, Holder-16-P.O'Donnell."
2018,7,2018_07_NYG_ATL,NYG,ATL,287.0,3.0,2.0,-4.5,1,0,0,0.06497851304963143,0.06247948493022439,0.0024990281194070332,0.40880586748805525,(Pass formation) TWO-POINT CONVERSION ATTEMPT. 10-E.Manning pass to 13-O.Beckham is incomplete. ATTEMPT FAILS.
2018,8,2018_08_WAS_NYG,NYG,WAS,17.0,0.0,2.0,-1.0,0,1,0,0.040768095211852456,0.038267967232485885,0.0025001279793665718,0.3901158979507418,"2-A.Rosas extra point is GOOD, Center-51-Z.DeOssie, Holder-9-R.Dixon."
2018,15,2018_15_LAC_KC,LAC,KC,229.0,3.0,2.0,-3.5,0,1,1,0.06421122752300416,0.06152496112701284,0.0026862663959913227,0.40592162180102714,"4-M.Badgley extra point is GOOD, Center-47-M.Windt, Holder-5-D.Jones."
2018,15,2018_15_PHI_LA,LA,PHI,246.0,2.0,2.0,13.5,0,1,0,0.17806004686041813,0.17319916216246148,0.004860884697956647,0.42361684131186506,"4-G.Zuerlein extra point is GOOD, Center-44-J.McQuaide, Holder-6-J.Hekker."
2018,16,2018_16_TB_DAL,TB,DAL,125.0,0.0,3.0,-7.0,0,1,0,0.03783173578515492,0.035839208396210215,0.0019925273889447037,0.39629250059607063,"5-C.Santos extra point is GOOD, Center-89-G.Sanborn, Holder-9-B.Anger."
2019,4,2019_04_CLE_BAL,BAL,CLE,591.0,3.0,3.0,7.5,1,1,0,0.20730923980964105,0.2043050299547864,0.003004209854854667,0.43848742770671756,(Run formation) TWO-POINT CONVERSION ATTEMPT. 21-M.Ingram rushes right guard. ATTEMPT SUCCEEDS.
2019,4,2019_04_OAK_IND,IND,LV,327.0,3.0,1.0,5.5,0,1,0,0.13705497113938453,0.13341971837618063,0.0036352527632038945,0.42259548749129083,"4-A.Vinatieri extra point is GOOD, Center-46-L.Rhodes, Holder-8-R.Sanchez."
2019,4,2019_04_OAK_IND,IND,LV,70.0,3.0,0.0,5.5,0,1,0,0.09331472364077914,0.08920410818747296,0.004110615453306182,0.4053434826330925,"4-A.Vinatieri extra point is GOOD, Center-46-L.Rhodes, Holder-8-R.Sanchez."
2019,5,2019_05_ARI_CIN,CIN,ARI,248.0,3.0,3.0,3.0,0,1,0,0.09789857700086282,0.09458955135061756,0.0033090256502452675,0.4141973199130278,"4-R.Bullock extra point is GOOD, Center-46-C.Harris, Holder-10-K.Huber."
2019,5,2019_05_TB_NO,TB,NO,13.0,0.0,0.0,-3.0,0,1,0,0.047649537458435004,0.04501705858255737,0.002632478875877635,0.394785787804461,"9-M.Gay extra point is GOOD, Center-97-Z.Triner, Holder-8-B.Pinion."
2019,6,2019_06_PIT_LAC,LAC,PIT,89.0,3.0,3.0,6.0,0,1,0,0.09340270099817102,0.08940052945460049,0.004002171543570535,0.40631208021838405,"3-C.McLaughlin extra point is GOOD, Center-45-C.Mazza, Holder-1-T.Long."
2019,10,2019_10_DET_CHI,DET,CHI,353.0,3.0,3.0,-6.0,0,1,0,0.06510256621016602,0.0629739145149418,0.0021286516952242207,0.41396976949353076,"5-M.Prater extra point is GOOD, Center-48-D.Muhlbach, Holder-6-S.Martin."
2019,11,2019_11_DAL_DET,DET,DAL,349.0,2.0,1.0,-7.5,1,0,0,0.05099454458218243,0.049243682094868395,0.0017508624873140352,0.4119566108952612,TWO-POINT CONVERSION ATTEMPT. 2-J.Driskel pass to 41-J.McKissic is incomplete. ATTEMPT FAILS.
2019,12,2019_12_SEA_PHI,PHI,SEA,20.0,0.0,0.0,-1.0,1,0,0,0.0486163686868325,0.04596551890185387,0.0026508497849786275,0.3953588070227593,TWO-POINT CONVERSION ATTEMPT. 11-C.Wentz rushes left end. ATTEMPT FAILS. DEFENSIVE TWO-POINT ATTEMPT. 98-R.Green recovered a fumble. ATTEMPT FAILS.
2019,17,2019_17_ARI_LA,ARI,LA,233.0,2.0,2.0,-7.0,0,1,0,0.051261390507788315,0.04920910672385933,0.002052283783928986,0.4069312489507684,"5-Z.Gonzalez extra point is GOOD, Center-46-A.Brewer, Holder-4-A.Lee."
2019,17,2019_17_CLE_CIN,CLE,CIN,436.0,1.0,3.0,2.5,0,1,0,0.1286692832403068,0.1256109148904389,0.0030583683498678904,0.42505966976911147,"4-A.Seibert extra point is GOOD, Center-47-C.Hughlett, Holder-7-J.Gillan."
2020,2,2020_02_NO_LV,NO,LV,273.0,1.0,1.0,4.0,0,1,0,0.1132880957452215,0.10960875897249499,0.003679336772726513,0.4160140627490601,"3-W.Lutz extra point is GOOD, Center-49-Z.Wood, Holder-6-T.Morstead."
2020,4,2020_04_BUF_LV,LV,BUF,89.0,1.0,2.0,-3.0,0,1,0,0.045837196296410504,0.04344151028593287,0.0023956860104776337,0.39692935673353813,"2-D.Carlson extra point is GOOD, Center-47-T.Sieg, Holder-6-A.Cole."
2020,4,2020_04_JAX_CIN,JAX,CIN,374.0,3.0,2.0,-1.0,1,0,0,0.0945127612710295,0.09165392471454552,0.0028588365564839874,0.4173492787340019,TWO-POINT CONVERSION ATTEMPT. 15-G.Minshew II pass to 30-J.Robinson is complete. ATTEMPT FAILS.
2020,4,2020_04_NO_DET,DET,NO,220.0,3.0,2.0,-3.0,1,1,0,0.059044104464462704,0.056581520930517326,0.0024625835339453783,0.40582278612152584,(Pass formation) TWO-POINT CONVERSION ATTEMPT. 9-M.Stafford pass to 88-T.Hockenson is complete. ATTEMPT SUCCEEDS.
2020,8,2020_08_MIN_GB,GB,MIN,162.0,3.0,1.0,5.5,1,1,0,0.0972955296378171,0.0934021671348623,0.0038933625029548002,0.40880160623600176,"TWO-POINT CONVERSION ATTEMPT. 30-J.Williams rushes up the middle. ATTEMPT FAILS. The Replay Official reviewed the short of the goal line ruling, and the play was REVERSED. TWO-POINT CONVERSION ATTEMPT. 30-J.Williams rushes up the middle. ATTEMPT SUCCEEDS."
2020,9,2020_09_CHI_TEN,CHI,TEN,64.0,0.0,2.0,-6.5,0,1,0,0.03820840976962653,0.036090379545966285,0.002118030223660243,0.3942455606848883,"2-C.Santos extra point is GOOD, Center-48-P.Scales, Holder-16-P.O'Donnell."
2020,9,2020_09_DEN_ATL,DEN,ATL,112.0,1.0,3.0,-4.5,0,1,0,0.047775807472252706,0.04537415446857308,0.0024016530036796227,0.3985293382415504,"8-B.McManus extra point is GOOD, Center-46-J.Bobenmoyer, Holder-6-S.Martin."
2020,12,2020_12_SEA_PHI,PHI,SEA,12.0,0.0,1.0,-6.5,1,1,0,0.03132219709239083,0.0294105232258211,0.0019116738665697283,0.38990961237603006,TWO-POINT CONVERSION ATTEMPT. 26-M.Sanders rushes up the middle. ATTEMPT SUCCEEDS.
2020,14,2020_14_GB_DET,DET,GB,390.0,2.0,3.0,-9.5,0,1,0,0.044317429683706194,0.04277836570287445,0.0015390639808317425,0.4113623864865982,"5-M.Prater extra point is GOOD, Center-48-D.Muhlbach, Holder-3-J.Fox."
2020,15,2020_15_KC_NO,NO,KC,583.0,3.0,3.0,-2.5,0,1,0,0.09432308806878185,0.09212385824576098,0.0021992298230208707,0.42433622794779086,"3-W.Lutz extra point is GOOD, Center-49-Z.Wood, Holder-6-T.Morstead. INJURY UPDATE: NO#43 M.Williams, ankle, QUESTIONABLE to return."
2020,15,2020_15_PIT_CIN,PIT,CIN,332.0,3.0,3.0,14.5,0,1,0,0.24189288605162812,0.2375853467767195,0.004307539274908623,0.4361426043417657,"9-C.Boswell extra point is GOOD, Center-57-K.Canaday, Holder-4-J.Berry."
2020,16,2020_16_CAR_WAS,WAS,CAR,110.0,0.0,2.0,-1.0,0,1,0,0.05338297663106276,0.050736940496593656,0.002646036134469107,0.399302761534594,"3-D.Hopkins extra point is GOOD, Center-57-N.Sundberg, Holder-5-T.Way."
2021,2,2021_02_SF_PHI,PHI,SF,242.0,0.0,2.0,-3.0,1,1,0,0.05614972045983296,0.053929650732978146,0.0022200697268548106,0.4075411622508704,TWO-POINT CONVERSION ATTEMPT. 14-K.Gainwell rushes right end. ATTEMPT SUCCEEDS.
2021,6,2021_06_TB_PHI,PHI,TB,354.0,3.0,1.0,-7.0,1,1,0,0.053858950742017644,0.05201275583202598,0.0018461949099916677,0.4121090846993127,TWO-POINT CONVERSION ATTEMPT. 1-J.Hurts pass to 16-Q.Watkins is complete. ATTEMPT SUCCEEDS.
2021,8,2021_08_MIA_BUF,MIA,BUF,579.0,3.0,3.0,-15.0,1,1,0,0.036211935297188774,0.03522259214409651,0.0009893431530922647,0.418275300711098,"TWO-POINT CONVERSION ATTEMPT. 1-T.Tagovailoa pass to 88-M.Gesicki is complete. ATTEMPT SUCCEEDS. Pass caught 8 yds. into end zone, near left sideline."
2021,11,2021_11_PIT_LAC,PIT,LAC,289.0,3.0,3.0,-5.5,0,1,0,0.06024415982324548,0.05803722801655364,0.0022069318066918406,0.4102216350667033,"9-C.Boswell extra point is GOOD, Center-46-C.Kuntz, Holder-6-P.Harvin."
2021,14,2021_14_SF_CIN,CIN,SF,560.0,3.0,3.0,-2.5,0,1,0,0.09267410566382886,0.09050522095818948,0.002168884705639376,0.4241876193855777,"2-E.McPherson extra point is GOOD, Center-46-C.Harris, Holder-10-K.Huber."
2021,15,2021_15_GB_BAL,BAL,GB,287.0,3.0,1.0,-9.5,0,1,0,0.04046777624348446,0.03888907596200207,0.0015787002814823883,0.40741225516488744,"9-J.Tucker extra point is GOOD, Center-46-N.Moore, Holder-4-S.Koch."
2021,16,2021_16_LA_MIN,MIN,LA,501.0,3.0,3.0,-3.5,0,1,0,0.08028993755241146,0.07818832607299185,0.0021016114794196045,0.4208635362980846,"1-G.Joseph extra point is GOOD, Center-42-A.DePaola, Holder-3-J.Berry."
2021,20,2021_20_LA_TB,TB,LA,200.0,0.0,2.0,2.5,0,1,0,0.08075409365147171,0.07762318632118399,0.003130907330287716,0.409160792259423,"3-R.Succop extra point is GOOD, Center-97-Z.Triner, Holder-8-B.Pinion."
2022,2,2022_02_ATL_LA,ATL,LA,297.0,2.0,2.0,-10.5,1,1,0,0.03788687290167657,0.0362362428917699,0.001650630009906666,0.40346540793674723,TWO-POINT CONVERSION ATTEMPT. 1-M.Mariota pass to 5-D.London is complete. ATTEMPT SUCCEEDS.
2022,2,2022_02_MIA_BAL,MIA,BAL,467.0,2.0,3.0,-3.0,0,1,1,0.08022951769876108,0.07777425643677394,0.0024552612619871406,0.41648589275548964,"7-J.Sanders extra point is GOOD, Center-44-B.Ferguson, Holder-4-T.Morstead."
2022,5,2022_05_ATL_TB,ATL,TB,278.0,3.0,2.0,-10.5,1,1,0,0.03882821751246047,0.0370973441473915,0.001730873365068969,0.40267296287717985,TWO-POINT CONVERSION ATTEMPT. 1-M.Mariota pass to 12-K.Hodge is complete. ATTEMPT SUCCEEDS.
2022,6,2022_06_MIN_MIA,MIA,MIN,84.0,0.0,2.0,-3.0,1,0,0,0.035909683774316754,0.03378959172115207,0.002120092053164685,0.3915266626086632,(Pass formation) TWO-POINT CONVERSION ATTEMPT. 5-T.Bridgewater pass to 88-M.Gesicki is incomplete. ATTEMPT FAILS.
2022,8,2022_08_TEN_HOU,HOU,TEN,17.0,0.0,2.0,-1.0,0,1,0,0.03627457899013341,0.033915224649057045,0.0023593543410763626,0.3873351013572417,"7-K.Fairbairn extra point is GOOD, Center-46-J.Weeks, Holder-11-C.Johnston."
2022,11,2022_11_CIN_PIT,PIT,CIN,45.0,0.0,0.0,-3.5,0,1,0,0.034722221899814734,0.03254503485681575,0.0021771870429989834,0.38888405466337517,"4-M.Wright extra point is GOOD, Center-46-C.Kuntz, Holder-6-P.Harvin."
2022,12,2022_12_GB_PHI,GB,PHI,540.0,3.0,2.0,-6.5,0,1,0,0.07199035541827266,0.0699241121053602,0.0020662433129124552,0.4180391532118661,"2-M.Crosby extra point is GOOD, Center-56-J.Coco, Holder-16-P.O'Donnell."
2022,13,2022_13_LAC_LV,LAC,LV,514.0,2.0,3.0,-2.5,0,1,0,0.08803123185409317,0.08555450588915255,0.0024767259649406265,0.4191591327351119,"15-C.Dicker extra point is GOOD, Center-47-J.Harris, Holder-16-J.Scott."
2023,2,2023_02_MIA_NE,NE,MIA,325.0,2.0,3.0,-2.0,0,1,0,0.0670022243243298,0.064634343683206,0.0023678806411237957,0.41162440701262354,"37-C.Ryland extra point is GOOD, Center-49-J.Cardona, Holder-17-B.Baringer."
2023,2,2023_02_NYG_ARI,NYG,ARI,531.0,3.0,3.0,5.0,0,1,1,0.181015772281513,0.17774785005070073,0.0032679222308122646,0.4332588729646324,"9-G.Gano extra point is GOOD, Center-59-C.Kreiter, Holder-6-J.Gillan."
2023,3,2023_03_NO_GB,GB,NO,418.0,3.0,2.0,-1.5,1,1,1,0.08270247655020205,0.08024466619677822,0.0024578103534238227,0.41742283239163375,TWO-POINT CONVERSION ATTEMPT. 10-J.Love pass to 83-S.Toure is complete. ATTEMPT SUCCEEDS.
2023,4,2023_04_DEN_CHI,DEN,CHI,576.0,3.0,3.0,3.0,0,1,1,0.16324908643604824,0.16025627657295638,0.002992809863091861,0.432272406547742,"16-W.Lutz extra point is GOOD, Center-48-M.Fraboni, Holder-9-R.Dixon."
2023,4,2023_04_LV_LAC,LV,LAC,239.0,3.0,3.0,-7.0,0,1,0,0.04833557496929915,0.04630006482065642,0.0020355101486427274,0.40507001338860876,"2-D.Carlson extra point is GOOD, Center-50-J.Bobenmoyer, Holder-6-A.Cole."
2023,8,2023_08_CIN_SF,SF,CIN,492.0,3.0,3.0,4.0,0,1,0,0.13760414460476295,0.13452424065922286,0.0030799039455400856,0.4268518582873487,"4-J.Moody extra point is GOOD, Center-46-T.Pepper, Holder-18-M.Wishnowsky."
2023,8,2023_08_NE_MIA,NE,MIA,510.0,2.0,3.0,-7.5,0,1,0,0.06273367435421147,0.06096625201750361,0.0017674223367078606,0.41825203186664256,"37-C.Ryland extra point is GOOD, Center-49-J.Cardona, Holder-17-B.Baringer."
2023,8,2023_08_PHI_WAS,WAS,PHI,61.0,0.0,3.0,-7.0,0,1,0,0.02809923182030843,0.0264790430898034,0.0016201887305050296,0.3921918115380812,"6-J.Slye extra point is GOOD, Center-54-C.Cheeseman, Holder-5-T.Way."
2023,8,2023_08_TB_BUF,TB,BUF,164.0,3.0,2.0,-10.0,1,1,0,0.03477729052208694,0.03308267211155724,0.0016946184105296955,0.3991991003399416,"TWO-POINT CONVERSION ATTEMPT. 6-B.Mayfield pass to 88-C.Otton is complete. ATTEMPT SUCCEEDS. Pass caught over middle, 5 yds. into end zone. J.Phillips tipped ball at line. PENALTY on TB-60-N.Leverett, Unnecessary Roughness, 15 yards, enforced between downs."
2023,9,2023_09_BUF_CIN,BUF,CIN,212.0,1.0,0.0,-1.5,1,1,0,0.07281577024881529,0.06986401256639094,0.0029517576824243524,0.40734828981436294,TWO-POINT CONVERSION ATTEMPT. 17-J.Allen pass to 14-S.Diggs is complete. ATTEMPT SUCCEEDS.
2023,10,2023_10_CLE_BAL,CLE,BAL,537.0,2.0,2.0,-6.0,0,1,1,0.07490476666902454,0.07294095958208381,0.0019638070869407304,0.42064046178122405,"7-D.Hopkins extra point is GOOD, Center-47-C.Hughlett, Holder-13-C.Bojorquez."
2023,14,2023_14_JAX_CLE,JAX,CLE,532.0,3.0,3.0,-2.5,0,1,0,0.1003290124894867,0.09789435325906891,0.0024346592304177878,0.42352757573267835,"10-B.McManus extra point is GOOD, Center-46-R.Matiscik, Holder-9-L.Cooke."
2023,14,2023_14_TEN_MIA,TEN,MIA,160.0,3.0,1.0,-14.0,1,1,1,0.025610631263868915,0.0243216232269571,0.001289008036911815,0.3975893566252054,TWO-POINT CONVERSION ATTEMPT. 8-W.Levis pass to 15-N.Westbrook-Ikhine is complete. ATTEMPT SUCCEEDS.
2023,15,2023_15_WAS_LA,WAS,LA,106.0,3.0,1.0,-6.5,0,0,0,0.04282261118253926,0.04060786901484921,0.002214742167690048,0.39721722832421746,"6-J.Slye extra point is Blocked (14-C.Durant), Center-54-C.Cheeseman, Holder-5-T.Way. DEFENSIVE TWO-POINT ATTEMPT. 4-J.Fuller recovered the blocked kick. ATTEMPT FAILS."
2023,16,2023_16_ARI_CHI,ARI,CHI,397.0,3.0,2.0,-4.5,1,0,0,0.07460390679881401,0.07226496630104438,0.0023389404977696288,0.4155726875556313,TWO-POINT CONVERSION ATTEMPT. 1-K.Murray pass to 4-R.Moore is incomplete. ATTEMPT FAILS.
2023,16,2023_16_GB_CAR,CAR,GB,434.0,3.0,2.0,-3.5,0,0,0,0.07153025607462699,0.06937188037857006,0.0021583756960569245,0.4165868716336869,"4-E.Pineiro extra point is No Good, Wide Left, Center-44-J.Jansen, Holder-10-J.Hekker."
2023,20,2023_20_TB_DET,TB,DET,277.0,2.0,3.0,-6.0,1,0,0,0.053810427392618806,0.051695692066614105,0.002114735326004702,0.40765701903953083,TWO-POINT CONVERSION ATTEMPT. 6-B.Mayfield pass to 13-M.Evans is incomplete. ATTEMPT FAILS.
2024,5,2024_05_IND_JAX,IND,JAX,267.0,3.0,2.0,-3.5,0,1,0,0.07256310634067725,0.06994601484970968,0.002617091490967574,0.41118729825074496,"7-M.Gay extra point is GOOD, Center-46-L.Rhodes, Holder-8-R.Sanchez."
2024,8,2024_08_KC_LV,LV,KC,123.0,0.0,2.0,-9.0,0,1,0,0.03158434680694579,0.030007128879234502,0.001577217927711285,0.3981302221985196,"2-D.Carlson extra point is GOOD, Center-50-J.Bobenmoyer, Holder-6-A.Cole. ** Injury Update: KC-32-N.Bolton has returned to the game."
2024,9,2024_09_DAL_ATL,DAL,ATL,88.0,1.0,3.0,-3.0,1,1,0,0.053605592625945414,0.05096954365023945,0.0026360489757059624,0.3996148115456991,TWO-POINT CONVERSION ATTEMPT. 10-C.Rush pass to 88-C.Lamb is complete. ATTEMPT SUCCEEDS.
2024,9,2024_09_WAS_NYG,NYG,WAS,565.0,3.0,3.0,-4.5,1,0,0,0.0807813866064804,0.07884241232735552,0.001938974279124886,0.4231560710474378,TWO-POINT CONVERSION ATTEMPT. 8-D.Jones is sacked. ATTEMPT FAILS.
2024,12,2024_12_BAL_LAC,LAC,BAL,46.0,0.0,2.0,-3.0,0,1,0,0.042750061632224626,0.04044156148830611,0.002308500143918514,0.39549914113867757,"11-C.Dicker extra point is GOOD, Center-47-J.Harris, Holder-16-J.Scott."
2024,12,2024_12_MIN_CHI,CHI,MIN,442.0,2.0,2.0,-3.0,1,0,0,0.07935412015523285,0.07712827459032301,0.002225845564909845,0.4189388651971992,TWO-POINT CONVERSION ATTEMPT. 18-C.Williams pass to 13-K.Allen is incomplete. ATTEMPT FAILS.
2024,13,2024_13_NYG_DAL,NYG,DAL,138.0,2.0,3.0,-4.5,0,1,0,0.053555325596651715,0.05110339922055932,0.0024519263760923934,0.40227949563230825,"9-G.Gano extra point is GOOD, Center-59-C.Kreiter, Holder-6-J.Gillan."
2025,3,2025_03_DET_BAL,BAL,DET,29.0,2.0,1.0,4.5,1,0,0,0.0687287729285919,0.0649151475087015,0.0038136254198904013,0.3955457870727812,TWO-POINT CONVERSION ATTEMPT. 8-L.Jackson pass to 4-Z.Flowers is incomplete. ATTEMPT FAILS.
2025,4,2025_04_NYJ_MIA,NYJ,MIA,109.0,1.0,2.0,-2.5,1,1,0,0.0515556800515536,0.0488744210089776,0.0026812590425760036,0.39736536666098454,TWO-POINT CONVERSION ATTEMPT. 7-J.Fields rushes right end. ATTEMPT SUCCEEDS.
2025,4,2025_04_SEA_ARI,ARI,SEA,350.0,3.0,3.0,-1.5,0,1,0,0.07243840548025222,0.06991482749700755,0.002523577983244679,0.4122793847085777,"38-C.Ryland extra point is GOOD, Center-46-A.Brewer, Holder-12-B.Gillikin."
2025,6,2025_06_CIN_GB,CIN,GB,251.0,2.0,2.0,-14.0,1,1,0,0.02696270518027749,0.025729068180497177,0.0012336369997803139,0.4012667063987975,TWO-POINT CONVERSION ATTEMPT. 16-J.Flacco pass to 30-C.Brown is complete. ATTEMPT SUCCEEDS.
2025,8,2025_08_NYJ_CIN,NYJ,CIN,472.0,3.0,3.0,-5.5,1,1,1,0.07154938591983508,0.06941660244873918,0.0021327834710958976,0.4169411377938488,"TWO-POINT CONVERSION ATTEMPT. 7-J.Fields pass to 32-I.Davis is complete. ATTEMPT FAILS. The Replay Official reviewed the short of the goal line ruling, and the play was REVERSED. TWO-POINT CONVERSION ATTEMPT. 7-J.Fields pass to 32-I.Davis is complete. ATTEMPT SUCCEEDS."
2025,9,2025_09_CHI_CIN,CIN,CHI,103.0,0.0,2.0,-3.0,1,1,0,0.039757263731420245,0.037596767015173754,0.0021604967162464905,0.3951186123607251,TWO-POINT CONVERSION ATTEMPT. 16-J.Flacco pass to 5-T.Higgins is complete. ATTEMPT SUCCEEDS.
2025,10,2025_10_BAL_MIN,MIN,BAL,203.0,3.0,2.0,-4.5,1,0,0,0.04776590040231328,0.04556875503104095,0.00219714537127233,0.4018752616918626,TWO-POINT CONVERSION ATTEMPT. 9-J.McCarthy pass to 18-J.Jefferson is incomplete. ATTEMPT FAILS.
2025,14,2025_14_TEN_CLE,CLE,TEN,267.0,3.0,2.0,4.5,1,0,0,0.10589744344128449,0.10219875547898881,0.0036986879622956798,0.41351886432204527,TWO-POINT CONVERSION ATTEMPT. 12-S.Sanders rushes up the middle. ATTEMPT FAILS. DEFENSIVE TWO-POINT ATTEMPT. 33-C.Gray recovered a fumble. ATTEMPT FAILS.
2025,15,2025_15_ATL_TB,ATL,TB,577.0,3.0,3.0,-6.0,1,0,1,0.07658391984058598,0.07461132055847916,0.0019725992821068156,0.4211711827766341,TWO-POINT CONVERSION ATTEMPT. 18-K.Cousins pass to 8-K.Pitts is incomplete. ATTEMPT FAILS.
2025,15,2025_15_DET_LA,DET,LA,162.0,2.0,2.0,-5.5,0,1,0,0.046747280026515944,0.044461532513276614,0.0022857475132393307,0.3995484326357325,"39-J.Bates extra point is GOOD, Center-49-H.Hatten, Holder-3-J.Fox."
